"station","type","longitude","latitude"
"GALI BATU DEPOT","MRT",103.756092022381,1.39758507555978
"BEAUTY WORLD MRT STATION","MRT",103.775818976865,1.34120356273451
"DHOBY GHAUT MRT STATION","MRT",103.845833160918,1.29904420287992
"LAVENDER MRT STATION","MRT",103.862837801247,1.30737173037467
"RENJONG LRT STATION","LRT",103.890428788368,1.38674751291503
"ALJUNIED MRT STATION","MRT",103.882906043338,1.31643247266549
"PASIR RIS MRT STATION","MRT",103.949257637923,1.37295187467296
"ADMIRALTY MRT STATION","MRT",103.800977008687,1.44058708974167
"KEMBANGAN MRT STATION","MRT",103.912947527518,1.3210380678073
"COMPASSVALE LRT STATION","LRT",103.900555277573,1.39447878334297
"KHATIB MRT STATION","MRT",103.833038059757,1.41757680853194
"BISHAN MRT STATION","MRT",103.849221341507,1.35125858011738
"TAI SENG MRT STATION","MRT",103.888164475728,1.33545310345091
"TAMPINES WEST MRT STATION","MRT",103.938429470233,1.34551750706501
"TAMPINES EAST MRT STATION","MRT",103.954804972295,1.3562130022968
"TAI SENG FACILITY BUILDING","MRT",103.895203341097,1.34218296025994
"SUB STATION","MRT",103.963750921922,1.33444404461735
"STEVENS MRT STATION","MRT",103.826023026141,1.32006595443605
"SIXTH AVENUE MRT STATION","MRT",103.797320460388,1.33078485774246
"SOMERSET MRT STATION","MRT",103.839075428058,1.30025761504689
"BRADDELL MRT STATION","MRT",103.846799898825,1.34044411433856
"MACPHERSON MRT STATION","MRT",103.890261497093,1.3263680369973
"EXPO MRT STATION","MRT",103.962379405203,1.33525210790114
"CHANGI AIRPORT MRT STATION","MRT",103.98837058065,1.35730793095011
"SIMEI MRT STATION","MRT",103.953377118629,1.34319743850673
"TANAH MERAH MRT STATION","MRT",103.946547943553,1.32725408181108
"REDHILL MRT STATION","MRT",103.81679002786,1.28961953919474
"CLEMENTI MRT STATION","MRT",103.765233028544,1.31507822691045
"EUNOS MRT STATION","MRT",103.903361818176,1.31977923129641
"CHINESE GARDEN MRT STATION","MRT",103.732814394573,1.34214497556186
"CHENG LIM LRT STATION","LRT",103.893907908084,1.39624891574826
"KRANJI MRT STATION","MRT",103.762180634171,1.42523962836907
"ANG MO KIO MRT STATION","MRT",103.849616352904,1.36994865907945
"HARBOURFRONT MRT STATION","MRT",103.821450734902,1.26545734827657
"MARINA BAY MRT STATION","MRT",103.855145110001,1.27595035309791
"PAYA LEBAR MRT STATION","MRT",103.892272194388,1.31736940107083
"DAKOTA MRT STATION","MRT",103.888668299497,1.3083751546924
"KING ALBERT PARK MRT STATION","MRT",103.783871532058,1.33563811131311
"LITTLE INDIA MRT STATION","MRT",103.848610499451,1.30716735918898
"ROCHOR MRT STATION","MRT",103.85243888567,1.30392756024029
"ULU PANDAN DEPOT","MRT",103.760101913971,1.32932206322702
"CHOA CHU KANG MRT STATION","MRT",103.744369067989,1.38517205113092
"SEGAR LRT STATION","LRT",103.769659653575,1.38775640774353
"STADIUM MRT STATION","MRT",103.875347963561,1.30285409985452
"NICOLL HIGHWAY MRT STATION","MRT",103.863633137838,1.29980282988331
"PROMENADE MRT STATION","MRT",103.860996443219,1.29325016609599
"RANGGUNG LRT STATION","LRT",103.897492603598,1.38392147913567
"SEMBAWANG MRT STATION","MRT",103.820193861654,1.4490696335949
"KANGKAR LRT STATION","LRT",103.902257550874,1.38403076684966
"PAYA LEBAR MRT STATION","MRT",103.893048869127,1.3181133870844
"BUGIS MRT STATION","MRT",103.855839347857,1.3006268207479
"OUTRAM PARK MRT STATION","MRT",103.839140181564,1.28141228259793
"TANJONG PAGAR MRT STATION","MRT",103.845853583111,1.27651503150699
"MARYMOUNT MRT STATION","MRT",103.839412845109,1.34877665625774
"BOON KENG MRT STATION","MRT",103.861681085421,1.31944708977679
"FARRER PARK MRT STATION","MRT",103.854270158078,1.3124482281027
"LITTLE INDIA MRT STATION","MRT",103.849845108111,1.30715549471964
"DHOBY GHAUT MRT STATION","MRT",103.846115601599,1.29869928816898
"CHINATOWN MRT STATION","MRT",103.843479885947,1.28435755128675
"BENCOOLEN MRT STATION","MRT",103.85024488973,1.29872718947414
"FORT CANNING MRT STATION","MRT",103.844325450736,1.29247159414326
"KAKI BUKIT MRT STATION","MRT",103.908455157854,1.33496297872226
"JALAN BESAR MRT STATION","MRT",103.855435040397,1.30538048259646
"MATTAR MRT STATION","MRT",103.883253059795,1.32686568224653
"BAYFRONT MRT STATION","MRT",103.859076454116,1.28187191149434
"DHOBY GHAUT MRT STATION","MRT",103.845486394833,1.29970339273686
"JURONG EAST MRT STATION","MRT",103.742263233577,1.33320902440694
"BEDOK NORTH MRT STATION","MRT",103.917876722721,1.33475563413222
"BEDOK RESERVOIR MRT STATION","MRT",103.932287547253,1.33659873571103
"ORCHARD MRT STATION","MRT",103.832219330523,1.30393774520576
"BUKIT BROWN MRT STATION","MRT",103.830712164166,1.33373189812982
"FARRER ROAD MRT STATION","MRT",103.807489124505,1.31745457081521
"BRAS BASAH MRT STATION","MRT",103.85065551114,1.29682677366083
"BOTANIC GARDENS MRT STATION","MRT",103.814989423908,1.32210949227351
"CALDECOTT MRT STATION","MRT",103.83954121425,1.33765854745034
"LENTOR MRT STATION","MRT",103.836347461566,1.38493120644654
"PIONEER MRT STATION","MRT",103.697318527083,1.33758650132565
"NEWTON MRT STATION","MRT",103.837987664369,1.31232228441954
"SENGKANG LRT DEPOT","LRT",103.884535176861,1.38936202063756
"BUONA VISTA MRT STATION","MRT",103.789942279131,1.3072583224144
"MARINA BAY MRT STATION","MRT",103.854612247927,1.27651751581982
"RAFFLES PLACE MRT STATION","MRT",103.851459315296,1.28406727033547
"SENGKANG MRT STATION","MRT",103.895416080565,1.39152768176063
"BUANGKOK MRT STATION","MRT",103.893092468578,1.38277158336717
"TUAS CRESCENT MRT STATION","MRT",103.649063497737,1.32105325122338
"TUAS LINK MRT STATION","MRT",103.636818657521,1.34037994738101
"TUAS WEST ROAD MRT STATION","MRT",103.639627561296,1.32998182333956
"BOTANIC GARDENS MRT STATION","MRT",103.816158888382,1.32240150733042
"PROMENADE MRT STATION","MRT",103.860864635738,1.29279820135156
"CITY HALL MRT STATION","MRT",103.852608504373,1.29293323723892
"BISHAN MRT STATION","MRT",103.848143526772,1.35083838489864
"EXPO MRT STATION","MRT",103.961546229381,1.33454936122322
"CHANGI DEPOT","MRT",103.959850081824,1.32924675747489
"BAKAU LRT STATION","LRT",103.905526346507,1.38810501536129
"FARMWAY LRT STATION","LRT",103.889382860763,1.39716190256309
"COMMONWEALTH MRT STATION","MRT",103.798290718843,1.30244764625669
"KUPANG LRT STATION","LRT",103.881374283062,1.39819757808621
"QUEENSTOWN MRT STATION","MRT",103.806045236833,1.29461133178824
"KALLANG MRT STATION","MRT",103.871315262941,1.3113966415765
"RUMBIA LRT STATION","LRT",103.905890482559,1.39156444514082
"BOON LAY MRT STATION","MRT",103.706059071942,1.33860402369624
"CHOA CHU KANG LRT STATION","LRT",103.744549116385,1.38482201182766
"SENGKANG LRT STATION","LRT",103.895436259113,1.39157444226272
"KOVAN MRT STATION","MRT",103.885091115874,1.36017987072352
"WOODLEIGH MRT STATION","MRT",103.870809189941,1.33920708726027
"BISHAN DEPOT","MRT",103.854755666237,1.35371957913334
"FAJAR LRT STATION","LRT",103.770837955923,1.38453267813864
"BUGIS MRT STATION","MRT",103.85688639269,1.29945066529307
"TELOK BLANGAH MRT STATION","MRT",103.809739755986,1.27058178630969
"LABRADOR PARK MRT STATION","MRT",103.802927704971,1.27232349400663
"PASIR PANJANG MRT STATION","MRT",103.791341965718,1.27622967029658
"HAW PAR VILLA MRT STATION","MRT",103.781821328647,1.28250290225971
"KENT RIDGE MRT STATION","MRT",103.784497938274,1.2934009384693
"BUONA VISTA MRT STATION","MRT",103.790632660496,1.30648370226124
"HOLLAND VILLAGE MRT STATION","MRT",103.796233335957,1.31194561748846
"NEWTON MRT STATION","MRT",103.83808187983,1.3135013088547
"HALIFAX SUB STATION CABLE TROUGH","MRT",103.845448900063,1.31096349335956
"CHINATOWN MRT STATION","MRT",103.844557493787,1.28462752130826
"DOWNTOWN MRT STATION","MRT",103.852851125548,1.27944148734057
"GEYLANG BAHRU MRT STATION","MRT",103.871911464161,1.32151288654786
"BENDEMEER MRT STATION","MRT",103.862891197576,1.31364499604751
"JOO KOON MRT STATION","MRT",103.678386928827,1.32771685868683
"YEW TEE MRT STATION","MRT",103.747402092975,1.39754963309291
"YISHUN MRT STATION","MRT",103.8349721623,1.42958175144086
"YIO CHU KANG MRT STATION","MRT",103.84480082312,1.3817576068369
"WOODLANDS MRT STATION","MRT",103.7861637261,1.43683116087333
"UPPER CHANGI MRT STATION","MRT",103.961473297243,1.34174047867505
"TONGKANG LRT STATION","LRT",103.885937358396,1.38933878084359
"UBI MRT STATION","MRT",103.899248866795,1.32995526451007
"TOA PAYOH MRT STATION","MRT",103.847421216939,1.33267739281248
"TIONG BAHRU MRT STATION","MRT",103.827034340572,1.28621974024045
"THANGGAM LRT STATION","LRT",103.87565537168,1.39743699331579
"LAKESIDE MRT STATION","MRT",103.720965320205,1.34426314988016
"BRIGHT HILL MRT STATION","MRT",103.832936720464,1.36326726423077
"MARINA SOUTH PIER MRT STATION","MRT",103.862910892778,1.2713773811861
"MACPHERSON MRT STATION","MRT",103.889371682676,1.32609061930239
"CANBERRA MRT STATION","MRT",103.829714852191,1.4431183773585
"WOODLANDS SOUTH MRT STATION","MRT",103.793895952492,1.42709547636434
"WOODLANDS NORTH MRT STATION","MRT",103.785674721518,1.44835009832913
"GUL CIRCLE MRT STATION","MRT",103.660593869101,1.31956431525907
"TUNNEL STRUCTURE CONNECTING DEPOT TO FACILITY BUILDING","MRT",103.893078430838,1.34326613199195
"WOODLANDS MRT STATION","MRT",103.787917468256,1.43607462976399
"MANDAI DEPOT","MRT",103.79663149647,1.41955862383762
"ESPLANADE MRT STATION","MRT",103.855611730393,1.29325990034558
"MOUNTBATTEN MRT STATION","MRT",103.882547015029,1.30619378695485
"MARINA BAY MRT STATION","MRT",103.854309962414,1.27671620435775
"HAVELOCK MRT STATION","MRT",103.833573696554,1.28845038678457
"STEVENS MRT STATION","MRT",103.825562191431,1.31938574286721
"NAPIER MRT STATION","MRT",103.819037640638,1.30673135617311
"MOUNT PLEASANT MRT STATION","MRT",103.835060119038,1.32854711341899
"SHENTON WAY MRT STATION","MRT",103.850627265318,1.27761987881024
"MARINA SOUTH MRT STATION","MRT",103.863350548397,1.27425726140923
"GARDENS BY THE BAY MRT STATION","MRT",103.867915020062,1.27913454871829
"GREAT WORLD MRT STATION","MRT",103.833446918992,1.29453169165132
"MAXWELL MRT STATION","MRT",103.843922082935,1.28059335335762
"MARINA BAY MRT STATION","MRT",103.855170948497,1.2752907129816
"ORCHARD BOULEVARD MRT STATION","MRT",103.823857648462,1.30263302417737
"ORCHARD MRT STATION","MRT",103.831485684086,1.30296099792683
"TAN KAH KEE MRT STATION","MRT",103.807330865201,1.32587060425857
"CALDECOTT MRT STATION","MRT",103.840138484299,1.33731724637644
"MAYFLOWER MRT STATION","MRT",103.836790769849,1.37210317305693
"SIGLAP MRT STATION","MRT",103.929878908557,1.30987673601344
"MARINE PARADE MRT STATION","MRT",103.908019605998,1.30453739516249
"KATONG PARK MRT STATION","MRT",103.886182078681,1.29782249651685
"MARINE TERRACE MRT STATION","MRT",103.915315840812,1.30678618122502
"TANJONG RHU MRT STATION","MRT",103.873451706552,1.29721452763829
"MARINE PARADE MRT STATION","MRT",103.905508250583,1.30286513665925
"FOUNDERS' MEMORIAL MRT STATION","MRT",103.868916378069,1.29097900628636
"TELOK AYER MRT STATION","MRT",103.848312848478,1.28228058432408
"PHOENIX LRT STATION","LRT",103.758033623032,1.37862494928715
"SOUTH VIEW LRT STATION","LRT",103.745291799824,1.38029828591216
"BUKIT BATOK MRT STATION","MRT",103.749540656004,1.34899664643491
"BUKIT GOMBAK MRT STATION","MRT",103.751910108886,1.35867192159708
"BUKIT PANJANG LRT DEPOT","LRT",103.760123085694,1.380314385471
"BANGKIT LRT STATION","LRT",103.772661218813,1.38001549387112
"SENJA LRT STATION","LRT",103.762368754015,1.38269924112062
"HILLVIEW MRT STATION","MRT",103.767429251973,1.36234008967051
"HUME MRT STATION","MRT",103.769103928999,1.35451083564763
"BUKIT PANJANG MRT STATION","MRT",103.76157274081,1.37916019623886
"CASHEW MRT STATION","MRT",103.764697190531,1.36936158432606
"PETIR LRT STATION","LRT",103.766667312191,1.37775464908796
"KEAT HONG LRT STATION","LRT",103.749051503649,1.37861216672188
"PENDING LRT STATION","LRT",103.771279749937,1.37612653767829
"BUKIT PANJANG LRT STATION","LRT",103.763022269404,1.37791644766929
"TECK WHYE LRT STATION","LRT",103.753699630129,1.37665929366778
"DOVER MRT STATION","MRT",103.778649154783,1.31139469021686
"MARSILING MRT STATION","MRT",103.774194002646,1.4325651685939
"OUTRAM PARK MRT STATION","MRT",103.839440012411,1.27979777387867
"OUTRAM PARK MRT STATION","MRT",103.839305308642,1.28121849089275
"TAMPINES MRT STATION","MRT",103.94515900798,1.35328919360176
"TAMPINES MRT STATION","MRT",103.943015968667,1.35514300338644
"HOUGANG MRT STATION","MRT",103.892347534076,1.37128117469194
"SERANGOON MRT STATION","MRT",103.872463071919,1.35053107109362
"SERANGOON MRT STATION","MRT",103.873634634713,1.34961722406509
"SPRINGLEAF MRT STATION","MRT",103.817924474006,1.39810837954724
"KIM CHUAN DEPOT","MRT",103.888938430314,1.34176959438416
"POTONG PASIR MRT STATION","MRT",103.869069958022,1.33138738864144
"BARTLEY MRT STATION","MRT",103.879725187236,1.34284684398633
"CLARKE QUAY MRT STATION","MRT",103.846604793646,1.28854221613818
"JELAPANG LRT STATION","LRT",103.764500577015,1.38669667440769
"BEDOK MRT STATION","MRT",103.930172520105,1.32401131889414
"BAYSHORE MRT STATION","MRT",103.941596718784,1.31284095915437
"BAYSHORE MRT STATION","MRT",103.943435450378,1.31347846628305
"LAYAR LRT STATION","LRT",103.880157875101,1.39209287217921
"SENGKANG MRT DEPOT","MRT",103.885919400907,1.38762587026849
"FERNVALE LRT STATION","LRT",103.876279656819,1.39194419229968
"ONE-NORTH MRT STATION","MRT",103.787393992568,1.29965647966767
"LORONG CHUAN MRT STATION","MRT",103.864144126595,1.35161975603951
"NOVENA MRT STATION","MRT",103.843818130632,1.32043008148645
"PUNGGOL LRT STATION","LRT",103.902392799207,1.40516677686993
"PUNGGOL MRT STATION","MRT",103.902373977937,1.4051325907214
"DAMAI LRT STATION","LRT",103.908503577505,1.40531602213242
"TECK LEE LRT STATION","LRT",103.906626211781,1.41287387045623
"PUNGGOL COAST MRT STATION","MRT",103.91021788519,1.41493803956521
"COVE LRT STATION","LRT",103.905917440303,1.3993617067822
"PUNGGOL POINT LRT STATION","LRT",103.906535511337,1.41691085262164
"SUMANG LRT STATION","LRT",103.898510286713,1.4083532967846
"SOO TECK LRT STATION","LRT",103.897234408236,1.40520964704527
"CORAL EDGE LRT STATION","LRT",103.912563534942,1.39392635040204
"OASIS LRT STATION","LRT",103.912631851801,1.40235087941505
"NIBONG LRT STATION","LRT",103.900298947838,1.41175558538493
"MERIDIAN LRT STATION","LRT",103.908990938459,1.39685233899612
"KADALOOR LRT STATION","LRT",103.916394978892,1.3996385095763
"SAM KEE LRT STATION","LRT",103.90483111309,1.40961376329978
"RIVIERA LRT STATION","LRT",103.916223790602,1.394636478693
"SAMUDERA LRT STATION","LRT",103.902087242364,1.41581869724191
"TUAS DEPOT","MRT",103.64179532584,1.340397349366
